{
  "project_info": {
    "project_number": "509062837384",
    "project_id": "mamplusprototype",
    "storage_bucket": "mamplusprototype.firebasestorage.app"
  },
  "client": [
    {
      "client_info": {
        "mobilesdk_app_id": "1:509062837384:android:36b3f04cfa51a2e3ca5b3d",
        "android_client_info": {
          "package_name": "com.yourcompany.mamplus"
        }
      },
      "oauth_client": [
        {
          "client_id": "509062837384-7s6p52s0stnbks20p2vsppl074v5nvvs.apps.googleusercontent.com",
          "client_type": 1,
          "android_info": {
            "package_name": "com.yourcompany.mamplus",
            "certificate_hash": "0388e9fe54c60ccf6b4ba3524778837964c8fb05"
          }
        },
        {
          "client_id": "509062837384-oj5haob7ih7idf5d1b5vgk5v5p3eobsq.apps.googleusercontent.com",
          "client_type": 3
        }
      ],
      "api_key": [
        {
          "current_key": "AIzaSyDXKerv5B3mINjYoYDZ6GOXjBz921D-qII"
        }
      ],
      "services": {
        "appinvite_service": {
          "other_platform_oauth_client": [
            {
              "client_id": "509062837384-oj5haob7ih7idf5d1b5vgk5v5p3eobsq.apps.googleusercontent.com",
              "client_type": 3
            }
          ]
        }
      }
    }
  ],
  "configuration_version": "1"
}